--
-- Table structure for table `belongto`
--

CREATE TABLE `belongto` (
  `BelongID` int(11) NOT NULL,
  `StartDate` date DEFAULT NULL,
  `EndDate` date DEFAULT NULL,
  `DepartmentID` int(11) DEFAULT NULL,
  `EmployeeID` int(11) DEFAULT NULL,
  PRIMARY KEY (`BelongID`)
);

--
-- Dumping data for table `belongto`
--

INSERT INTO `belongto` VALUES (1,'1987-06-15',NULL,2,1),(2,'1987-06-15',NULL,4,2),(3,'1987-06-15','1998-08-31',5,3),(4,'1987-06-15',NULL,5,4),(5,'1987-06-15',NULL,1,5),(6,'1987-06-15',NULL,5,6),(7,'1988-02-26',NULL,1,7),(8,'1988-02-26','2003-05-31',5,8),(9,'1988-02-26','1998-08-31',2,9),(10,'1988-04-01',NULL,6,10),(11,'1988-04-01',NULL,5,11),(12,'1988-04-01','1998-08-31',5,12),(13,'1989-04-01',NULL,3,13),(14,'1989-04-01',NULL,5,14),(15,'1991-04-01',NULL,4,15),(16,'1991-04-01',NULL,5,16),(17,'1992-04-01',NULL,5,17),(18,'1992-08-26',NULL,1,18),(19,'1993-04-01',NULL,5,19),(20,'1994-04-01',NULL,5,20),(21,'1996-04-01',NULL,5,21),(22,'1996-04-01',NULL,5,22),(23,'1997-04-01',NULL,5,23),(24,'1998-09-01',NULL,6,3),(25,'1998-09-01',NULL,1,12),(26,'1998-09-01',NULL,3,9),(27,'1999-04-01',NULL,2,24),(28,'1999-04-01',NULL,5,25),(29,'2001-04-01',NULL,5,26),(30,'2003-04-01',NULL,5,27),(31,'2003-06-01',NULL,1,8),(32,'2004-04-01',NULL,5,28),(33,'2006-04-01',NULL,5,29),(34,'2007-04-01',NULL,5,30);

| BelongID | StartDate  |  EndDate   | DepartmentID | EmployeeID |
|----------|------------|------------|--------------|------------|
| 1        | 1987-06-15 |            | 2            | 1          |
| 2        | 1987-06-15 |            | 4            | 2          |
| 3        | 1987-06-15 | 1998-08-31 | 5            | 3          |
| 4        | 1987-06-15 |            | 5            | 4          |
| 5        | 1987-06-15 |            | 1            | 5          |
| 6        | 1987-06-15 |            | 5            | 6          |
| 7        | 1988-02-26 |            | 1            | 7          |
| 8        | 1988-02-26 | 2003-05-31 | 5            | 8          |
| 9        | 1988-02-26 | 1998-08-31 | 2            | 9          |
| 10       | 1988-04-01 |            | 6            | 10         |
| 11       | 1988-04-01 |            | 5            | 11         |
| 12       | 1988-04-01 | 1998-08-31 | 5            | 12         |
| 13       | 1989-04-01 |            | 3            | 13         |
| 14       | 1989-04-01 |            | 5            | 14         |
| 15       | 1991-04-01 |            | 4            | 15         |
| 16       | 1991-04-01 |            | 5            | 16         |
| 17       | 1992-04-01 |            | 5            | 17         |
| 18       | 1992-08-26 |            | 1            | 18         |
| 19       | 1993-04-01 |            | 5            | 19         |
| 20       | 1994-04-01 |            | 5            | 20         |
| 21       | 1996-04-01 |            | 5            | 21         |
| 22       | 1996-04-01 |            | 5            | 22         |
| 23       | 1997-04-01 |            | 5            | 23         |
| 24       | 1998-09-01 |            | 6            | 3          |
| 25       | 1998-09-01 |            | 1            | 12         |
| 26       | 1998-09-01 |            | 3            | 9          |
| 27       | 1999-04-01 |            | 2            | 24         |
| 28       | 1999-04-01 |            | 5            | 25         |
| 29       | 2001-04-01 |            | 5            | 26         |
| 30       | 2003-04-01 |            | 5            | 27         |
| 31       | 2003-06-01 |            | 1            | 8          |
| 32       | 2004-04-01 |            | 5            | 28         |
| 33       | 2006-04-01 |            | 5            | 29         |
| 34       | 2007-04-01 |            | 5            | 30         |

--
-- Table structure for table `categories`
--

CREATE TABLE `categories` (
  `CategoryID` int(11) NOT NULL,
  `CategoryName` varchar(100) DEFAULT NULL,
  PRIMARY KEY (`CategoryID`)
);

--
-- Dumping data for table `categories`
--

INSERT INTO `categories` VALUES (1,'魚'),(2,'肉'),(3,'野菜'),(4,'菓子'),(5,'乾物'),(6,'惣菜'),(7,'生活用品'),(8,'嗜好品'),(9,'玩具'),(10,'アクセサリー');

| CategoryID | CategoryName |
|------------|--------------|
| 1          | 魚            |
| 2          | 肉            |
| 3          | 野菜           |
| 4          | 菓子           |
| 5          | 乾物           |
| 6          | 惣菜           |
| 7          | 生活用品         |
| 8          | 嗜好品          |
| 9          | 玩具           |
| 10         | アクセサリー       |

--
-- Table structure for table `customerclasses`
--

CREATE TABLE `customerclasses` (
  `CustomerClassID` int(11) NOT NULL,
  `CustomerClassName` varchar(100) DEFAULT NULL,
  PRIMARY KEY (`CustomerClassID`)
);

--
-- Dumping data for table `customerclasses`
--

INSERT INTO `customerclasses` VALUES (1,'法人'),(2,'個人');

| CustomerClassID | CustomerClassName |
|-----------------|-------------------|
| 1               | 法人                |
| 2               | 個人                |

--
-- Table structure for table `customers`
--

CREATE TABLE `customers` (
  `CustomerID` int(11) NOT NULL,
  `CustomerCode` int(11) DEFAULT NULL,
  `CustomerName` varchar(100) DEFAULT NULL,
  `Address` varchar(100) DEFAULT NULL,
  `CustomerClassID` int(11) DEFAULT NULL,
  `PrefecturalID` int(11) DEFAULT NULL,
  PRIMARY KEY (`CustomerID`)
);

--
-- Dumping data for table `customers`
--

INSERT INTO `customers` VALUES (1,2001,'タマ','江戸川区下小岩',2,13),(2,2002,'ハナ','江戸川区北小岩',2,13),(3,2003,'ミケ','館林市緑町',2,10),(4,2004,'キク','江戸川区西小岩',2,13),(5,1005,'ウメ','中野区ねこた町',2,13),(6,1006,'トラネコ商会','札幌市南区',1,1),(7,2007,'クロ','台東区浅草橋',2,13),(8,2008,'トラ','川崎市多摩区',2,14),(9,1009,'スーパーニャンコ','江戸川区南小岩',1,13),(10,1010,'ぶち雑貨店','江戸川区南小岩',1,13),(11,1011,'ミーストア','龍ケ崎市下町',1,8),(12,2012,'タロ','江戸川区南小岩',2,13),(13,1013,'雑貨サクラ','江戸川区西小岩',1,13),(14,2014,'チー','江戸川区南小岩',2,13),(15,2015,'シロ','荒川区北千住',2,13),(16,1016,'株式会社スズナリ','松山市東山町',1,38),(17,1017,'エリザベス商会','江戸川区東小岩',1,13),(18,2018,'ポンタ','江戸川区南小岩',2,13),(19,2019,'ジロー','江戸川区南篠崎',2,13),(20,2020,'ニャン太','江戸川区南小岩',2,13),(21,2021,'ミミ','さいたま市桜区',2,11),(22,2022,'ミミミ','さいたま市桜区',2,11),(23,1023,'有限会社チョコグリーン','大阪市中央区',1,27),(24,2024,'チャー','水戸市大工町',2,8),(25,2025,'みーすけ','武蔵野市吉祥寺',2,13),(26,2026,'チロ','江戸川区南小岩',2,13),(27,1027,'パーコ株式会社','取手市井野',1,8),(28,1028,'トニー商店','江戸川区北篠崎',1,13),(29,2029,'ギン','横浜市青葉区',2,14),(30,1030,'プーストア','江東区大島',1,13);

| ID | Code |    Name     | Address | ClassID | PrefecturalID |
|----|------|-------------|---------|---------|---------------|
| 1  | 2001 | タマ          | 江戸川区下小岩 | 2       | 13            |
| 2  | 2002 | ハナ          | 江戸川区北小岩 | 2       | 13            |
| 3  | 2003 | ミケ          | 館林市緑町   | 2       | 10            |
| 4  | 2004 | キク          | 江戸川区西小岩 | 2       | 13            |
| 5  | 1005 | ウメ          | 中野区ねこた町 | 2       | 13            |
| 6  | 1006 | トラネコ商会      | 札幌市南区   | 1       | 1             |
| 7  | 2007 | クロ          | 台東区浅草橋  | 2       | 13            |
| 8  | 2008 | トラ          | 川崎市多摩区  | 2       | 14            |
| 9  | 1009 | スーパーニャンコ    | 江戸川区南小岩 | 1       | 13            |
| 10 | 1010 | ぶち雑貨店       | 江戸川区南小岩 | 1       | 13            |
| 11 | 1011 | ミーストア       | 龍ケ崎市下町  | 1       | 8             |
| 12 | 2012 | タロ          | 江戸川区南小岩 | 2       | 13            |
| 13 | 1013 | 雑貨サクラ       | 江戸川区西小岩 | 1       | 13            |
| 14 | 2014 | チー          | 江戸川区南小岩 | 2       | 13            |
| 15 | 2015 | シロ          | 荒川区北千住  | 2       | 13            |
| 16 | 1016 | 株式会社スズナリ    | 松山市東山町  | 1       | 38            |
| 17 | 1017 | エリザベス商会     | 江戸川区東小岩 | 1       | 13            |
| 18 | 2018 | ポンタ         | 江戸川区南小岩 | 2       | 13            |
| 19 | 2019 | ジロー         | 江戸川区南篠崎 | 2       | 13            |
| 20 | 2020 | ニャン太        | 江戸川区南小岩 | 2       | 13            |
| 21 | 2021 | ミミ          | さいたま市桜区 | 2       | 11            |
| 22 | 2022 | ミミミ         | さいたま市桜区 | 2       | 11            |
| 23 | 1023 | 有限会社チョコグリーン | 大阪市中央区  | 1       | 27            |
| 24 | 2024 | チャー         | 水戸市大工町  | 2       | 8             |
| 25 | 2025 | みーすけ        | 武蔵野市吉祥寺 | 2       | 13            |
| 26 | 2026 | チロ          | 江戸川区南小岩 | 2       | 13            |
| 27 | 1027 | パーコ株式会社     | 取手市井野   | 1       | 8             |
| 28 | 1028 | トニー商店       | 江戸川区北篠崎 | 1       | 13            |
| 29 | 2029 | ギン          | 横浜市青葉区  | 2       | 14            |
| 30 | 1030 | プーストア       | 江東区大島   | 1       | 13            |

--
-- Table structure for table `departments`
--

CREATE TABLE `departments` (
  `DepartmentID` int(11) NOT NULL,
  `DepartmentName` varchar(100) DEFAULT NULL,
  PRIMARY KEY (`DepartmentID`)
);

--
-- Dumping data for table `departments`
--

INSERT INTO `departments` VALUES (1,'営業'),(2,'総務'),(3,'人事'),(4,'経理'),(5,'販売'),(6,'購買');


| DepartmentID | DepartmentName |
|--------------|----------------|
| 1            | 営業             |
| 2            | 総務             |
| 3            | 人事             |
| 4            | 経理             |
| 5            | 販売             |
| 6            | 購買             |


--
-- Table structure for table `employees`
--

CREATE TABLE `employees` (
  `ID` int(11) NOT NULL,
  `Name` varchar(100) DEFAULT NULL,
  `Height` decimal(10,0) DEFAULT NULL,
  `EMail` varchar(100) DEFAULT NULL,
  `Weight` decimal(10,0) DEFAULT NULL,
  `Year` int(11) DEFAULT NULL,
  `Birthday` date DEFAULT NULL,
  `BloodType` varchar(2) DEFAULT NULL,
  PRIMARY KEY (`ID`)
);

--
-- Dumping data for table `employees`
--

INSERT INTO `employees` VALUES (1,'シマゴロー',168,'simagoro@nekoyasudo',72,1987,'1956-10-01','A'),(2,'ゴッチン',161,'gochin@nekoyasudo',60,1987,'1953-12-25','B'),(3,'マキ子',155,'maki@nekoyasudo',52,1987,'1958-08-16','O'),(4,'マル',158,'maru@nekoyasudo',45,1987,'1954-01-12','AB'),(5,'ミチロー',170,'michiro@nekoyasudo',70,1987,'1965-02-14','A'),(6,'チー',173,'coo@nekoyasudo',76,1987,'1964-09-15','A'),(7,'サラ',162,'sara@nekoyasudo',50,1988,'1960-10-28','A'),(8,'みなみ',153,'minami@nekoyasudo',42,1988,'1962-09-03','O'),(9,'プリン',148,'prin@nekoyasudo',48,1988,'1968-03-14','B'),(10,'ぴー子',156,'pko@nekoyasudo',52,1988,'1971-11-13','O'),(11,'ごま',180,'goma@nekoyasudo',78,1988,'1971-04-15','O'),(12,'ぱんだ',185,'panda@nekoyasudo',95,1988,'1971-06-01','B'),(13,'猫丸',172,'nekomaru@nekoyasudo',80,1989,'1972-01-15','B'),(14,'ニャン太',178,'nyantaro@nekoyasudo',58,1989,'1972-02-03','B'),(15,'モンチー',169,'monchi@nekoyasudo',55,1991,'1973-05-06','A'),(16,'ぴよ',155,'piyo@nekoyasudo',62,1991,'1973-07-14','A'),(17,'ラスカル',165,'rasukal@nekoyasudo',51,1992,'1974-04-10','AB'),(18,'くま',190,'kuma@nekoyasudo',115,1992,'1970-03-03','O'),(19,'ゴン',176,'gon@nekoyasudo',78,1993,'1975-11-16','O'),(20,'チー',169,'q@nekoyasudo',56,1994,'1976-05-25','O'),(21,'太助',164,'tasuke@nekoyasudo',50,1996,'1978-10-03','B'),(22,'トントン',155,'tonton@nekoyasudo',45,1996,'1978-12-25','B'),(23,'マー',158,'ma@nekoyasudo',44,1997,'1979-04-03','A'),(24,'サリー',149,'sary@nekoyasudo',38,1999,'1981-02-02','A'),(25,'うさぎ',161,'usa@nekoyasudo',43,1999,'1981-08-08','A'),(26,'うー太',170,'uta@nekoyasudo',63,2001,'1983-03-26','A'),(27,'ローリー',147,'roly@nekoyasudo',40,2003,'1985-05-26','A'),(28,'マイケル',160,'mikel@nekoyasudo',49,2004,'1986-06-30','AB'),(29,'スー',163,'su@nekoyasudo',52,2006,'1988-09-08','O'),(30,'ミーヤ',168,'miya@nekoyasudo',51,2007,'1989-07-07','B');

| ID | Name  | Height |        EMail        | Weight | Year |  Birthday  | BloodType |
|----|-------|--------|---------------------|--------|------|------------|-----------|
| 1  | シマゴロー | 168    | simagoro@nekoyasudo | 72     | 1987 | 1956-10-01 | A         |
| 2  | ゴッチン  | 161    | gochin@nekoyasudo   | 60     | 1987 | 1953-12-25 | B         |
| 3  | マキ子   | 155    | maki@nekoyasudo     | 52     | 1987 | 1958-08-16 | O         |
| 4  | マル    | 158    | maru@nekoyasudo     | 45     | 1987 | 1954-01-12 | AB        |
| 5  | ミチロー  | 170    | michiro@nekoyasudo  | 70     | 1987 | 1965-02-14 | A         |
| 6  | チー    | 173    | coo@nekoyasudo      | 76     | 1987 | 1964-09-15 | A         |
| 7  | サラ    | 162    | sara@nekoyasudo     | 50     | 1988 | 1960-10-28 | A         |
| 8  | みなみ   | 153    | minami@nekoyasudo   | 42     | 1988 | 1962-09-03 | O         |
| 9  | プリン   | 148    | prin@nekoyasudo     | 48     | 1988 | 1968-03-14 | B         |
| 10 | ぴー子   | 156    | pko@nekoyasudo      | 52     | 1988 | 1971-11-13 | O         |
| 11 | ごま    | 180    | goma@nekoyasudo     | 78     | 1988 | 1971-04-15 | O         |
| 12 | ぱんだ   | 185    | panda@nekoyasudo    | 95     | 1988 | 1971-06-01 | B         |
| 13 | 猫丸    | 172    | nekomaru@nekoyasudo | 80     | 1989 | 1972-01-15 | B         |
| 14 | ニャン太  | 178    | nyantaro@nekoyasudo | 58     | 1989 | 1972-02-03 | B         |
| 15 | モンチー  | 169    | monchi@nekoyasudo   | 55     | 1991 | 1973-05-06 | A         |
| 16 | ぴよ    | 155    | piyo@nekoyasudo     | 62     | 1991 | 1973-07-14 | A         |
| 17 | ラスカル  | 165    | rasukal@nekoyasudo  | 51     | 1992 | 1974-04-10 | AB        |
| 18 | くま    | 190    | kuma@nekoyasudo     | 115    | 1992 | 1970-03-03 | O         |
| 19 | ゴン    | 176    | gon@nekoyasudo      | 78     | 1993 | 1975-11-16 | O         |
| 20 | チー    | 169    | q@nekoyasudo        | 56     | 1994 | 1976-05-25 | O         |
| 21 | 太助    | 164    | tasuke@nekoyasudo   | 50     | 1996 | 1978-10-03 | B         |
| 22 | トントン  | 155    | tonton@nekoyasudo   | 45     | 1996 | 1978-12-25 | B         |
| 23 | マー    | 158    | ma@nekoyasudo       | 44     | 1997 | 1979-04-03 | A         |
| 24 | サリー   | 149    | sary@nekoyasudo     | 38     | 1999 | 1981-02-02 | A         |
| 25 | うさぎ   | 161    | usa@nekoyasudo      | 43     | 1999 | 1981-08-08 | A         |
| 26 | うー太   | 170    | uta@nekoyasudo      | 63     | 2001 | 1983-03-26 | A         |
| 27 | ローリー  | 147    | roly@nekoyasudo     | 40     | 2003 | 1985-05-26 | A         |
| 28 | マイケル  | 160    | mikel@nekoyasudo    | 49     | 2004 | 1986-06-30 | AB        |
| 29 | スー    | 163    | su@nekoyasudo       | 52     | 2006 | 1988-09-08 | O         |
| 30 | ミーヤ   | 168    | miya@nekoyasudo     | 51     | 2007 | 1989-07-07 | B         |

--
-- Table structure for table `prefecturals`
--

CREATE TABLE `prefecturals` (
  `PrefecturalID` int(11) NOT NULL,
  `PrefecturalName` varchar(100) DEFAULT NULL,
  PRIMARY KEY (`PrefecturalID`)
);

--
-- Dumping data for table `prefecturals`
--

INSERT INTO `prefecturals` VALUES (1,'北海道'),(2,'青森県'),(3,'岩手県'),(4,'宮城県'),(5,'秋田県'),(6,'山形県'),(7,'福島県'),(8,'茨城県'),(9,'栃木県'),(10,'群馬県'),(11,'埼玉県'),(12,'千葉県'),(13,'東京都'),(14,'神奈川県'),(15,'新潟県'),(16,'富山県'),(17,'石川県'),(18,'福井県'),(19,'山梨県'),(20,'長野県'),(21,'岐阜県'),(22,'静岡県'),(23,'愛知県'),(24,'三重県'),(25,'滋賀県'),(26,'京都府'),(27,'大阪府'),(28,'兵庫県'),(29,'奈良県'),(30,'和歌山県'),(31,'鳥取県'),(32,'島根県'),(33,'岡山県'),(34,'広島県'),(35,'山口県'),(36,'徳島県'),(37,'香川県'),(38,'愛媛県'),(39,'高知県'),(40,'福岡県'),(41,'佐賀県'),(42,'長崎県'),(43,'熊本県'),(44,'大分県'),(45,'宮崎県'),(46,'鹿児島県'),(47,'沖縄県 ');

| PrefecturalID | PrefecturalName |
|---------------|-----------------|
| 1             | 北海道             |
| 2             | 青森県             |
| 3             | 岩手県             |
| 4             | 宮城県             |
| 5             | 秋田県             |
| 6             | 山形県             |
| 7             | 福島県             |
| 8             | 茨城県             |
| 9             | 栃木県             |
| 10            | 群馬県             |
| 11            | 埼玉県             |
| 12            | 千葉県             |
| 13            | 東京都             |
| 14            | 神奈川県            |
| 15            | 新潟県             |
| 16            | 富山県             |
| 17            | 石川県             |
| 18            | 福井県             |
| 19            | 山梨県             |
| 20            | 長野県             |
| 21            | 岐阜県             |
| 22            | 静岡県             |
| 23            | 愛知県             |
| 24            | 三重県             |
| 25            | 滋賀県             |
| 26            | 京都府             |
| 27            | 大阪府             |
| 28            | 兵庫県             |
| 29            | 奈良県             |
| 30            | 和歌山県            |
| 31            | 鳥取県             |
| 32            | 島根県             |
| 33            | 岡山県             |
| 34            | 広島県             |
| 35            | 山口県             |
| 36            | 徳島県             |
| 37            | 香川県             |
| 38            | 愛媛県             |
| 39            | 高知県             |
| 40            | 福岡県             |
| 41            | 佐賀県             |
| 42            | 長崎県             |
| 43            | 熊本県             |
| 44            | 大分県             |
| 45            | 宮崎県             |
| 46            | 鹿児島県            |
| 47            | 沖縄県             |

--
-- Table structure for table `products`
--

CREATE TABLE `products` (
  `ID` int(11) NOT NULL,
  `Code` int(11) DEFAULT NULL,
  `Name` varchar(100) DEFAULT NULL,
  `Price` decimal(10,0) DEFAULT NULL,
  `CategoryID` int(11) DEFAULT NULL,
  PRIMARY KEY (`ID`)
);

--
-- Dumping data for table `products`
--

INSERT INTO `products` VALUES (1,1001,'まぐろ',500,1),(2,1002,'金魚',35,1),(3,1003,'ぶり',350,1),(4,1004,'あじ',200,1),(5,1005,'あなご',150,1),(6,2006,'ねずみ肉',120,2),(7,2007,'とり肉',200,2),(8,2008,'豚肉',300,2),(9,2009,'バッタ肉',185,2),(10,2010,'蜘蛛肉',98,2),(11,3011,'ねこ草',120,3),(12,3012,'大根',135,3),(13,3013,'いちご',480,3),(14,3014,'じゃがいも',300,3),(15,3015,'しいたけ',150,3),(16,4016,'チューチュークッキー',200,4),(17,4017,'いなごチップス',180,4),(18,4018,'ありせんべい',320,4),(19,4019,'チューチューアイス',110,4),(20,4020,'こねずみジャーキー',120,4),(21,5021,'鰹節',200,5),(22,5022,'ネコ缶ナンバーワン',300,5),(23,5023,'ネコ缶ダイエット',300,5),(24,5024,'ネコ缶ローヤル',450,5),(25,5025,'煮干',320,5),(26,6026,'ねこマンマ',480,6),(27,6027,'ツナおじや',460,6),(28,6028,'ねずみキッシュ',500,6),(29,6029,'ねこ草のごまあえ',230,6),(30,6030,'バッタのそぼろ煮',360,6),(31,7031,'ネコ砂',800,7),(32,7032,'トイレトレイ',1200,7),(33,7033,'引っ掻き板',1500,7),(34,7034,'上り棒',3200,7),(35,7035,'ふかふか座布団',2800,7),(36,8036,'またたび',980,8),(37,8037,'またたび煙草',200,8),(38,8038,'骨',560,8),(39,8039,'またたびガム',120,8),(40,8040,'マタタビドリンク',240,8),(41,9041,'ネコジャラシ',870,9),(42,9042,'毛糸玉',210,9),(43,9043,'ボール',150,9),(44,9044,'チョロチュー',300,9),(45,9045,'フリスビー',450,9),(46,10046,'鈴',50,10),(47,10047,'首輪',1300,10),(48,10048,'リボン',800,10),(49,10049,'足輪',600,10),(50,10050,'毛止めクリップ',350,10);

| ID | Code  |    Name    | Price | CategoryID |
|----|-------|------------|-------|------------|
| 1  | 1001  | まぐろ        | 500   | 1          |
| 2  | 1002  | 金魚         | 35    | 1          |
| 3  | 1003  | ぶり         | 350   | 1          |
| 4  | 1004  | あじ         | 200   | 1          |
| 5  | 1005  | あなご        | 150   | 1          |
| 6  | 2006  | ねずみ肉       | 120   | 2          |
| 7  | 2007  | とり肉        | 200   | 2          |
| 8  | 2008  | 豚肉         | 300   | 2          |
| 9  | 2009  | バッタ肉       | 185   | 2          |
| 10 | 2010  | 蜘蛛肉        | 98    | 2          |
| 11 | 3011  | ねこ草        | 120   | 3          |
| 12 | 3012  | 大根         | 135   | 3          |
| 13 | 3013  | いちご        | 480   | 3          |
| 14 | 3014  | じゃがいも      | 300   | 3          |
| 15 | 3015  | しいたけ       | 150   | 3          |
| 16 | 4016  | チューチュークッキー | 200   | 4          |
| 17 | 4017  | いなごチップス    | 180   | 4          |
| 18 | 4018  | ありせんべい     | 320   | 4          |
| 19 | 4019  | チューチューアイス  | 110   | 4          |
| 20 | 4020  | こねずみジャーキー  | 120   | 4          |
| 21 | 5021  | 鰹節         | 200   | 5          |
| 22 | 5022  | ネコ缶ナンバーワン  | 300   | 5          |
| 23 | 5023  | ネコ缶ダイエット   | 300   | 5          |
| 24 | 5024  | ネコ缶ローヤル    | 450   | 5          |
| 25 | 5025  | 煮干         | 320   | 5          |
| 26 | 6026  | ねこマンマ      | 480   | 6          |
| 27 | 6027  | ツナおじや      | 460   | 6          |
| 28 | 6028  | ねずみキッシュ    | 500   | 6          |
| 29 | 6029  | ねこ草のごまあえ   | 230   | 6          |
| 30 | 6030  | バッタのそぼろ煮   | 360   | 6          |
| 31 | 7031  | ネコ砂        | 800   | 7          |
| 32 | 7032  | トイレトレイ     | 1200  | 7          |
| 33 | 7033  | 引っ掻き板      | 1500  | 7          |
| 34 | 7034  | 上り棒        | 3200  | 7          |
| 35 | 7035  | ふかふか座布団    | 2800  | 7          |
| 36 | 8036  | またたび       | 980   | 8          |
| 37 | 8037  | またたび煙草     | 200   | 8          |
| 38 | 8038  | 骨          | 560   | 8          |
| 39 | 8039  | またたびガム     | 120   | 8          |
| 40 | 8040  | マタタビドリンク   | 240   | 8          |
| 41 | 9041  | ネコジャラシ     | 870   | 9          |
| 42 | 9042  | 毛糸玉        | 210   | 9          |
| 43 | 9043  | ボール        | 150   | 9          |
| 44 | 9044  | チョロチュー     | 300   | 9          |
| 45 | 9045  | フリスビー      | 450   | 9          |
| 46 | 10046 | 鈴          | 50    | 10         |
| 47 | 10047 | 首輪         | 1300  | 10         |
| 48 | 10048 | リボン        | 800   | 10         |
| 49 | 10049 | 足輪         | 600   | 10         |
| 50 | 10050 | 毛止めクリップ    | 350   | 10         |

--
-- Table structure for table `salary`
--

CREATE TABLE `salary` (
  `ID` int(11) NOT NULL,
  `PayDate` date DEFAULT NULL,
  `Amount` decimal(10,0) DEFAULT NULL,
  `EmployeeID` int(11) DEFAULT NULL,
  PRIMARY KEY (`ID`)
);

--
-- Dumping data for table `salary`
--

-- salary.sql
-- salary.md

--
-- Table structure for table `sales`
--

CREATE TABLE `sales` (
  `SaleID` int(11) NOT NULL,
  `Quantity` decimal(10,0) DEFAULT NULL,
  `CustomerID` int(11) DEFAULT NULL,
  `ProductID` int(11) DEFAULT NULL,
  `EmployeeID` int(11) DEFAULT NULL,
  `SaleDate` date DEFAULT NULL,
  PRIMARY KEY (`SaleID`)
);

--
-- Dumping data for table `sales`
--

-- sales.sql
-- sales.md
